MultiPolygon (((743158 1043211.75, 743157.29 1043219.95, 743182.16 1043219.68, 743183.2 1043208.75, 743176.49 1043209.48, 743167.65 1043210.77, 743158 1043211.75)))
MultiPolygon (((743148 1043211.49, 743147.9 1043224.24, 743151.28 1043224.36, 743151.06 1043227.75, 743147.92 1043227.89, 743147.97 1043230.89, 743148.53 1043231.53, 743159.46 1043234.23, 743178.52 1043236.91, 743182.16 1043219.68, 743157.29 1043219.95, 743158 1043211.75, 743148 1043211.49),(743163.17 1043228.81, 743162.93 1043229.88, 743157.12 1043228.58, 743157.4 1043227.31, 743163.17 1043228.81)))
MultiPolygon (((743127.35 1043207.48, 743124.52 1043223.34, 743138.11 1043226.01, 743138.89 1043225.67, 743139.14 1043222.91, 743142.65 1043223.29, 743144.81 1043223.48, 743145.49 1043223.51, 743145.93 1043227.05, 743145.38 1043230.5, 743139.52 1043230.39, 743138.61 1043230.4, 743136.73 1043248.23, 743136.64 1043248.86, 743143.3 1043248.76, 743143.29 1043248.56, 743175.44 1043247.88, 743176.35 1043247.59, 743177.75 1043247.62, 743179.8 1043237.25, 743178.52 1043236.91, 743159.46 1043234.23, 743159.29 1043238.81, 743145.27 1043238.66, 743145.61 1043230.98, 743147.97 1043230.89, 743147.92 1043227.89, 743147.9 1043224.24, 743148 1043211.49, 743134.65 1043210.16, 743132.26 1043209.61, 743127.35 1043207.48)))
MultiPolygon (((743119.83 1043222.22, 743124.52 1043223.34, 743127.35 1043207.48, 743127.63 1043206.82, 743122.97 1043205.52, 743123.3 1043204.52, 743122.86 1043204.16, 743122.93 1043203.87, 743117.54 1043202.63, 743117.62 1043202, 743113.82 1043201.34, 743113.61 1043201.74, 743112.63 1043210.92, 743115.42 1043211.58, 743115.34 1043212.69, 743118.09 1043213.12, 743121.71 1043213.94, 743120.2 1043220.65, 743120.04 1043221.17, 743119.83 1043222.22)))
MultiPolygon (((743094.45 1043209.18, 743093.99 1043218.25, 743096.08 1043218.48, 743096.28 1043215.35, 743103.27 1043215.81, 743102.59 1043219.14, 743107.56 1043219.29, 743108.06 1043216.65, 743107.56 1043216.2, 743107.77 1043215.08, 743111.14 1043215.84, 743112.63 1043210.92, 743113.61 1043201.74, 743107.91 1043200.74, 743100.05 1043200.22, 743094.58 1043199.26, 743094.69 1043209.08, 743094.45 1043209.18)))
MultiPolygon (((743056.33 1043194.77, 743055.05 1043206.59, 743055.56 1043215.23, 743056.54 1043220.19, 743060.52 1043236.61, 743070.17 1043234.16, 743069.94 1043233.25, 743066.57 1043220.22, 743092.22 1043223.87, 743093.25 1043218.22, 743093.99 1043218.25, 743094.45 1043209.18, 743094.69 1043209.08, 743094.58 1043199.26, 743056.33 1043194.77),(743082.73 1043205.17, 743081.8 1043215.12, 743077.51 1043214.36, 743075.29 1043214.03, 743070.72 1043213.39, 743071.62 1043204.97, 743073.19 1043204.48, 743082.73 1043205.17)))
MultiPolygon (((743105.15 1043244.73, 743116.6 1043246.6, 743116.72 1043245.99, 743119.83 1043222.22, 743120.04 1043221.17, 743110.27 1043219.29, 743107.56 1043219.29, 743102.59 1043219.14, 743096.08 1043218.48, 743093.99 1043218.25, 743093.25 1043218.22, 743092.22 1043223.87, 743091.61 1043227.37, 743106.6 1043230.04, 743104.63 1043241.63, 743104.55 1043242.14, 743104.45 1043243.66, 743105.15 1043244.73)))
MultiPolygon (((743061.81 1043241.44, 743063.63 1043252.34, 743063.48 1043252.87, 743063.98 1043255.79, 743064.39 1043256.14, 743065.56 1043261.67, 743065.87 1043261.67, 743081.66 1043259.85, 743081.67 1043259.59, 743083.13 1043259.32, 743083.06 1043258.98, 743082.73 1043256.41, 743081.25 1043256.56, 743080.27 1043248.97, 743083.63 1043249.15, 743083.69 1043249.82, 743086.7 1043249.99, 743086.74 1043249.17, 743094.1 1043249.76, 743095.1 1043250.9, 743094.63 1043255.24, 743093.69 1043256.18, 743100.53 1043255.23, 743101.57 1043246.25, 743102.29 1043246.37, 743102.57 1043244.3, 743102.65 1043243.05, 743101.92 1043242.66, 743081.88 1043241.8, 743079.92 1043239.95, 743079.76 1043238.72, 743061.81 1043241.44)))
MultiPolygon (((743101.57 1043246.25, 743100.53 1043255.23, 743101.33 1043255.25, 743110.33 1043256.93, 743110.92 1043270.22, 743100.78 1043270.57, 743100.1 1043270.91, 743099.38 1043271.15, 743097.71 1043271.22, 743097.22 1043271.12, 743096.75 1043270.95, 743096.3 1043270.73, 743092.72 1043270.86, 743092.36 1043271.11, 743091.96 1043271.3, 743091.53 1043271.42, 743091.09 1043271.47, 743090.65 1043271.45, 743090.22 1043271.36, 743089.81 1043271.2, 743089.43 1043270.97, 743086.07 1043271.09, 743085.87 1043268.02, 743084.63 1043267, 743082.22 1043267.07, 743082.19 1043266.87, 743066.63 1043267.53, 743066.32 1043267.59, 743067.42 1043282.95, 743068.54 1043295.81, 743073.17 1043296.75, 743078.86 1043295.01, 743078.99 1043295.38, 743087.07 1043294.23, 743087.89 1043293.78, 743088.12 1043291.54, 743094.52 1043292.04, 743095.02 1043292.02, 743095.1 1043291.46, 743115.94 1043290.72, 743116.62 1043302.99, 743121.08 1043303.37, 743120.91 1043299.78, 743134.89 1043299.12, 743135.22 1043304.39, 743139.42 1043304.47, 743139.64 1043304.43, 743138.84 1043288.98, 743150.88 1043288.4, 743150.97 1043291.44, 743148.15 1043291.97, 743149.95 1043304.02, 743150.47 1043303.94, 743150.93 1043306.75, 743149.39 1043306.96, 743149.07 1043307.38, 743149.32 1043309.16, 743149.71 1043309.41, 743151.35 1043309.3, 743157.47 1043308.89, 743157.35 1043308.13, 743157.02 1043305.65, 743155.14 1043294.26, 743154.57 1043282.22, 743153.62 1043257.11, 743138.24 1043257.99, 743137.92 1043252.3, 743121.79 1043253.07, 743121.87 1043249.68, 743102.29 1043246.37, 743101.57 1043246.25),(743146.38 1043277.79, 743142.9 1043277.95, 743142.75 1043275.19, 743141.17 1043273.76, 743128.12 1043274.4, 743126.68 1043276.08, 743126.85 1043278.68, 743123.21 1043278.85, 743122.56 1043263.67, 743136.44 1043262.96, 743136.61 1043265.94, 743138.17 1043267.33, 743140.77 1043267.18, 743142.21 1043265.57, 743142.01 1043262.67, 743145.59 1043262.45, 743146.38 1043277.79)))
MultiPolygon (((743153.62 1043257.11, 743154.57 1043282.22, 743174.53 1043280.28, 743174.45 1043280.13, 743183.74 1043279.08, 743179.8 1043252.24, 743176.08 1043252.04, 743171.25 1043251.77, 743153.62 1043257.11),(743171.32 1043275.75, 743160.83 1043276.65, 743160.13 1043266.64, 743169.77 1043264.64, 743171.32 1043275.75)))
MultiPolygon (((743154.57 1043282.22, 743155.14 1043294.26, 743157.02 1043305.65, 743162.87 1043305.25, 743166.94 1043305.89, 743168.65 1043305.85, 743168.42 1043301.48, 743163.85 1043301.78, 743161.82 1043285.98, 743174.14 1043284.88, 743175.98 1043298.93, 743177.25 1043298.72, 743178.13 1043304, 743186.14 1043302.35, 743189.27 1043301.7, 743184.89 1043278.92, 743183.74 1043279.08, 743174.45 1043280.13, 743174.53 1043280.28, 743154.57 1043282.22)))
MultiPolygon (((743168.58 1043310.39, 743160.27 1043314.62, 743160.06 1043314.11, 743157.72 1043315.15, 743158.28 1043318.29, 743160.44 1043330.95, 743183.21 1043319.59, 743183.26 1043319.76, 743188.19 1043317.22, 743187.59 1043312.07, 743186.14 1043302.35, 743178.13 1043304, 743172.15 1043305.17, 743172.33 1043308.1, 743168.39 1043309.99, 743168.58 1043310.39)))
MultiPolygon (((743149.73 1043316.98, 743150.11 1043319.94, 743144.68 1043320.81, 743145.24 1043335.57, 743155.79 1043332.95, 743155.73 1043332.69, 743160.44 1043330.95, 743158.28 1043318.29, 743156.24 1043318.57, 743155.88 1043316.06, 743149.73 1043316.98)))
MultiPolygon (((743115.28 1043302.9, 743114.13 1043310.33, 743108.27 1043309.44, 743105.2 1043327.17, 743111.44 1043328.12, 743111.68 1043337.1, 743140.5 1043335.83, 743140.44 1043326.9, 743139.96 1043318.35, 743140.22 1043318.33, 743140.16 1043316.98, 743139.94 1043316.96, 743139.59 1043310.1, 743140.16 1043310.06, 743139.42 1043304.47, 743135.22 1043304.39, 743130.81 1043304.31, 743124.72 1043303.69, 743121.08 1043303.37, 743116.62 1043302.99, 743115.4 1043302.88, 743115.28 1043302.9)))
MultiPolygon (((743094.67 1043319.85, 743098.5 1043320.5, 743102.15 1043302.2, 743101.55 1043302.09, 743097.76 1043301.16, 743086.22 1043299.15, 743084.33 1043314.36, 743083.96 1043317.26, 743094.67 1043319.85)))
MultiPolygon (((743087.07 1043294.23, 743078.99 1043295.38, 743078.86 1043295.01, 743073.17 1043296.75, 743072.58 1043300.63, 743071.78 1043300.42, 743070.88 1043306.88, 743071.62 1043307, 743070.87 1043314.04, 743081.21 1043316.57, 743081.17 1043316.75, 743083.96 1043317.26, 743084.33 1043314.36, 743082.61 1043314.07, 743085.31 1043295.81, 743087.31 1043295.99, 743087.83 1043296.86, 743094.48 1043297.11, 743094.52 1043292.04, 743088.12 1043291.54, 743087.89 1043293.78, 743087.07 1043294.23)))
MultiPolygon (((743070.87 1043314.04, 743070.19 1043328.36, 743071.83 1043344.74, 743078.42 1043344.45, 743078.49 1043343.42, 743099.64 1043339.06, 743098.92 1043332.47, 743094.29 1043333.31, 743093.98 1043330.32, 743094.22 1043326.63, 743087.99 1043327.69, 743088.17 1043329.42, 743081.45 1043330.71, 743081.86 1043321.22, 743084.91 1043321.27, 743085.43 1043317.91, 743094.66 1043320.04, 743094.67 1043319.85, 743083.96 1043317.26, 743081.17 1043316.75, 743081.21 1043316.57, 743070.87 1043314.04)))
MultiPolygon (((743161.62 1043144.78, 743161.52 1043146.19, 743164.72 1043145.51, 743165.85 1043146.79, 743165.59 1043152.1, 743168 1043152.36, 743182.1 1043152.71, 743183.05 1043129.16, 743183.04 1043128.96, 743183 1043128.76, 743182.93 1043128.57, 743182.83 1043128.4, 743182.7 1043128.24, 743182.55 1043128.11, 743182.38 1043128, 743182.19 1043127.93, 743181.99 1043127.88, 743181.79 1043127.87, 743175.94 1043128.81, 743176 1043129.04, 743158.51 1043132.17, 743161.62 1043144.78)))
MultiPolygon (((743143.12 1043134.75, 743144.97 1043147.73, 743147.6 1043147.39, 743148.62 1043153.15, 743153.66 1043152.34, 743153.68 1043151.78, 743157.04 1043151.29, 743156.57 1043149.47, 743156.21 1043147.25, 743160.59 1043146.4, 743161.52 1043146.19, 743161.62 1043144.78, 743158.51 1043132.17, 743143.12 1043134.75)))
MultiPolygon (((743136.54 1043156.35, 743136.01 1043158.25, 743136.32 1043159.69, 743136.86 1043162.37, 743147.2 1043160.2, 743146.58 1043157.66, 743146.52 1043157.19, 743143.74 1043157.46, 743142.2 1043148.37, 743144.97 1043147.73, 743143.12 1043134.75, 743134.83 1043136.16, 743135.65 1043140.96, 743134.54 1043144.27, 743134.48 1043145.09, 743135.35 1043148.47, 743136.54 1043156.35)))
MultiPolygon (((743134.83 1043136.16, 743124.78 1043137.63, 743124.72 1043137.5, 743112.57 1043139.47, 743112.61 1043139.73, 743102.85 1043141.27, 743102.32 1043149.22, 743102.41 1043149.8, 743102.62 1043157.23, 743103.01 1043165.04, 743099.07 1043164.82, 743096.86 1043164.74, 743094.52 1043164.8, 743094.43 1043165.75, 743093.49 1043169.79, 743096.62 1043169.98, 743099.64 1043170.59, 743095.98 1043192.02, 743095.96 1043192.31, 743117.49 1043195.08, 743122.03 1043195.72, 743123.08 1043195.25, 743128.19 1043195.78, 743129.12 1043186.55, 743130.68 1043176.97, 743131.86 1043177.16, 743133.05 1043169.88, 743137.86 1043168.81, 743139.99 1043179.08, 743140.11 1043179.66, 743140.67 1043179.25, 743141.06 1043179.45, 743141.73 1043179.54, 743151.37 1043180.18, 743158.07 1043180.23, 743156 1043168.06, 743149.76 1043169.04, 743147.2 1043160.2, 743136.86 1043162.37, 743136.32 1043159.69, 743135.14 1043159.58, 743131.55 1043159.25, 743132.79 1043151.08, 743129.99 1043150.74, 743128.32 1043150.39, 743127.9 1043148.74, 743129.96 1043148.58, 743134.4 1043147.86, 743134.48 1043145.09, 743134.54 1043144.27, 743135.65 1043140.96, 743134.83 1043136.16)))
MultiPolygon (((743098.61 1043149.73, 743102.41 1043149.8, 743102.32 1043149.22, 743102.85 1043141.27, 743103.19 1043137.43, 743096.98 1043137.24, 743096.3 1043145.09, 743098.8 1043145.48, 743098.74 1043147.27, 743098.61 1043149.73)))
MultiPolygon (((743085.05 1043134.77, 743083.81 1043143.58, 743082.91 1043143.41, 743082.18 1043148.73, 743081.84 1043148.71, 743080.76 1043155.91, 743092.27 1043157.49, 743092.04 1043159.07, 743093.66 1043159.53, 743094.68 1043159.68, 743094.54 1043163.49, 743094.52 1043164.8, 743096.86 1043164.74, 743097 1043161.79, 743099.11 1043161.84, 743099.07 1043164.82, 743103.01 1043165.04, 743102.62 1043157.23, 743102.41 1043149.8, 743098.61 1043149.73, 743098.74 1043147.27, 743096.03 1043147.1, 743096.3 1043145.09, 743096.98 1043137.24, 743085.05 1043134.77),(743095.57 1043147.12, 743096.09 1043154.61, 743090.72 1043153.81, 743091.33 1043146.44, 743095.57 1043147.12)))
MultiPolygon (((743082.91 1043143.41, 743083.81 1043143.58, 743085.05 1043134.77, 743078.05 1043132.62, 743076.94 1043142.53, 743081.33 1043143.17, 743082.91 1043143.41)))
MultiPolygon (((743062.32 1043141.04, 743059.65 1043152.61, 743061.64 1043152.82, 743069.71 1043154.1, 743080.76 1043155.91, 743081.84 1043148.71, 743082.18 1043148.73, 743082.91 1043143.41, 743081.33 1043143.17, 743080.91 1043145.71, 743076.9 1043145.59, 743076.94 1043142.53, 743078.05 1043132.62, 743065.73 1043129.91, 743062.32 1043141.04)))
MultiPolygon (((743081.25 1043161.86, 743085.83 1043163.42, 743085.89 1043163.08, 743094.43 1043165.75, 743094.52 1043164.8, 743094.54 1043163.49, 743094.68 1043159.68, 743093.66 1043159.53, 743092.04 1043159.07, 743092.27 1043157.49, 743080.76 1043155.91, 743069.71 1043154.1, 743061.64 1043152.82, 743061.1 1043156.5, 743074.05 1043159.04, 743076.9 1043159.8, 743081.34 1043161.4, 743081.25 1043161.86)))
MultiPolygon (((743073.9 1043172.41, 743078.47 1043173.59, 743079.72 1043168.06, 743080.17 1043165.02, 743080.57 1043164.82, 743081.25 1043161.86, 743081.34 1043161.4, 743076.9 1043159.8, 743074.05 1043159.04, 743061.1 1043156.5, 743059.87 1043165.48, 743071.75 1043167.29, 743070.76 1043171.6, 743073.9 1043172.41)))
MultiPolygon (((743068.89 1043177.25, 743072.13 1043178.23, 743073.07 1043175.15, 743073.35 1043174.21, 743073.9 1043172.41, 743070.76 1043171.6, 743071.75 1043167.29, 743059.87 1043165.48, 743058.36 1043175.65, 743068.88 1043177.05, 743068.89 1043177.25)))
MultiPolygon (((743058.36 1043175.65, 743056.69 1043186.08, 743066.49 1043187.8, 743068.34 1043177.08, 743068.89 1043177.25, 743068.88 1043177.05, 743058.36 1043175.65)))
MultiPolygon (((743080.17 1043165.02, 743079.72 1043168.06, 743078.47 1043173.59, 743073.9 1043172.41, 743073.35 1043174.21, 743073.07 1043175.15, 743072.13 1043178.23, 743068.89 1043177.25, 743068.34 1043177.08, 743066.49 1043187.8, 743080.49 1043190.15, 743083.41 1043176.49, 743083.91 1043174.16, 743084.26 1043172.19, 743082.15 1043171.81, 743081.76 1043173.93, 743080.1 1043173.76, 743081.73 1043166.63, 743085.13 1043167.34, 743085.83 1043163.42, 743081.25 1043161.86, 743080.57 1043164.82, 743080.17 1043165.02)))
MultiPolygon (((743091.7 1043172.71, 743090.83 1043178.25, 743083.41 1043176.49, 743080.49 1043190.15, 743085.7 1043190.67, 743085.67 1043190.91, 743087.93 1043191.16, 743088 1043190.94, 743095.98 1043192.02, 743099.64 1043170.59, 743096.62 1043169.98, 743093.49 1043169.79, 743094.43 1043165.75, 743085.89 1043163.08, 743085.83 1043163.42, 743085.13 1043167.34, 743084.6 1043170.28, 743091.7 1043172.71)))
MultiPolygon (((743141.67 1043180.09, 743138.41 1043201.44, 743135.11 1043200.88, 743134.15 1043205.49, 743134.11 1043205.8, 743144.32 1043207.81, 743144.29 1043208.09, 743151.84 1043208.8, 743153.27 1043199.74, 743148.9 1043199.32, 743150.54 1043188.41, 743151.37 1043180.18, 743141.73 1043179.54, 743141.67 1043180.09)))
MultiPolygon (((743161.19 1043180.78, 743158.23 1043180.89, 743158.07 1043180.23, 743151.37 1043180.18, 743150.54 1043188.41, 743169.97 1043186.16, 743170.34 1043189.85, 743167.6 1043190.22, 743168.33 1043195.9, 743170.93 1043195.69, 743171.49 1043199.17, 743153.27 1043199.74, 743151.84 1043208.8, 743182.54 1043205.84, 743183.27 1043205.18, 743183.61 1043177.53, 743181.7 1043177.66, 743161.19 1043180.78)))
MultiPolygon (((743161.76 1043164.95, 743161.19 1043180.78, 743181.7 1043177.66, 743182.02 1043165.74, 743161.76 1043164.95)))
MultiPolygon (((743168 1043152.36, 743168.02 1043154.88, 743162 1043154.61, 743161.92 1043158.01, 743160.02 1043157.97, 743159.98 1043159.67, 743161.88 1043159.71, 743161.76 1043164.95, 743182.02 1043165.74, 743182.1 1043152.71, 743168 1043152.36)))
MultiPolygon (((743147.2 1043160.2, 743149.76 1043169.04, 743156 1043168.06, 743157.24 1043167.15, 743153.62 1043154.91, 743146.58 1043157.66, 743147.2 1043160.2)))
MultiPolygon (((743090.56 1043069.6, 743079.85 1043095.91, 743094.38 1043100.54, 743095.41 1043100.36, 743098.4 1043100.19, 743118.38 1043098.93, 743119.96 1043094.59, 743119.41 1043088.68, 743119.14 1043088.69, 743118.07 1043071.53, 743116.67 1043063.91, 743100.19 1043059.92, 743100.25 1043059.68, 743099.16 1043059.46, 743093.17 1043066.25, 743092.24 1043067.45, 743090.56 1043069.6)))
MultiPolygon (((743112.2 1043108.67, 743112.38 1043108.68, 743113.79 1043108.62, 743113.78 1043108.4, 743114.46 1043108.37, 743122.51 1043108.27, 743119.64 1043100.56, 743118.38 1043098.93, 743098.4 1043100.19, 743099.07 1043105.15, 743099.45 1043108.05, 743108.89 1043108.56, 743112.2 1043108.67)))
MultiPolygon (((743097.99 1043111.32, 743097.48 1043115.2, 743092.6 1043114.69, 743092.14 1043114.65, 743090.27 1043129.9, 743099.31 1043131.44, 743107.21 1043132.47, 743107.86 1043123.55, 743108.2 1043119.93, 743108.32 1043118.18, 743108.51 1043114.68, 743108.75 1043112.16, 743108.77 1043111.97, 743108.89 1043108.56, 743099.45 1043108.05, 743099.07 1043105.15, 743098.4 1043100.19, 743095.41 1043100.36, 743094.56 1043104.75, 743097.96 1043105.79, 743097.99 1043111.32)))
MultiPolygon (((743079.85 1043095.91, 743071.91 1043113.52, 743073.29 1043123.69, 743090.27 1043129.9, 743092.14 1043114.65, 743092.6 1043114.69, 743094.56 1043104.75, 743095.41 1043100.36, 743094.38 1043100.54, 743079.85 1043095.91),(743089.69 1043107.5, 743086.55 1043118.78, 743080.76 1043116.94, 743084.37 1043107.44, 743085.07 1043105.72, 743088.38 1043106.99, 743089.69 1043107.5)))
MultiPolygon (((743113.79 1043108.62, 743112.38 1043108.68, 743112.2 1043108.67, 743112.15 1043111.93, 743108.75 1043112.16, 743108.51 1043114.68, 743108.32 1043118.18, 743111.08 1043117.87, 743113.66 1043117.68, 743113.73 1043117.94, 743114.2 1043117.91, 743114.31 1043118.17, 743116.16 1043117.91, 743117.83 1043117.81, 743117.52 1043116.11, 743116.9 1043113.4, 743119.49 1043112.65, 743124.05 1043111.22, 743122.51 1043108.27, 743114.46 1043108.37, 743113.78 1043108.4, 743113.79 1043108.62)))
MultiPolygon (((743123.29 1043119.42, 743126.43 1043130.73, 743131.52 1043129.62, 743136.54 1043127.87, 743141.09 1043125.44, 743139.34 1043120.76, 743136.6 1043119.72, 743134.82 1043118.82, 743132.72 1043118.72, 743130.4 1043118.31, 743128.85 1043116.15, 743125 1043111.75, 743124.05 1043111.22, 743119.49 1043112.65, 743123.29 1043119.42)))
MultiPolygon (((743118.22 1043121.11, 743119.7 1043131.73, 743126.43 1043130.73, 743123.29 1043119.42, 743119.49 1043112.65, 743116.9 1043113.4, 743117.52 1043116.11, 743117.83 1043117.81, 743118.17 1043120.24, 743118.22 1043121.11)))
MultiPolygon (((743113.23 1043122.09, 743113.66 1043132.39, 743119.7 1043131.73, 743118.22 1043121.11, 743116.32 1043121.55, 743113.23 1043122.09)))
MultiPolygon (((743107.86 1043123.55, 743107.21 1043132.47, 743113.66 1043132.39, 743113.23 1043122.09, 743111.76 1043122.36, 743111.87 1043122.92, 743107.86 1043123.55)))
MultiPolygon (((743040.17 1043171.53, 743050.64 1043173.57, 743050.81 1043167.08, 743051.65 1043159.87, 743051.98 1043159.86, 743053.1 1043152.11, 743052.61 1043152.02, 743054.13 1043143.78, 743046.22 1043141.9, 743046.16 1043142.1, 743043.01 1043158.36, 743042.88 1043158.38, 743042.01 1043161.72, 743040.96 1043166.15, 743040.17 1043171.53)))
MultiPolygon (((743039.68 1043157.39, 743038.05 1043163.4, 743037.19 1043163.25, 743036.83 1043163.22, 743036.62 1043159.7, 743032.82 1043161.82, 743032.12 1043161.91, 743031.81 1043164.65, 743030.39 1043169.38, 743032.33 1043169.76, 743035.9 1043170.62, 743040.17 1043171.53, 743040.96 1043166.15, 743042.01 1043161.72, 743042.88 1043158.38, 743043.01 1043158.36, 743046.16 1043142.1, 743039.44 1043140.57, 743038.64 1043145.66, 743037.52 1043151.5, 743036.93 1043156.72, 743037.27 1043156.85, 743039.68 1043157.39)))
MultiPolygon (((743026.98 1043152.52, 743026.75 1043156.65, 743027 1043164.01, 743031.81 1043164.65, 743032.12 1043161.91, 743032.82 1043161.82, 743032.91 1043159.99, 743028.84 1043159.59, 743029.03 1043157.01, 743032.97 1043157.29, 743033.04 1043156.28, 743036.93 1043156.72, 743037.52 1043151.5, 743038.64 1043145.66, 743039.44 1043140.57, 743027.84 1043139.8, 743027.68 1043147.76, 743026.98 1043152.52)))
MultiPolygon (((743020.17 1043139.53, 743011.88 1043140.47, 743011.71 1043140.28, 743005.09 1043141, 743004.98 1043141.34, 742997.08 1043142.33, 742998.09 1043149.54, 742997.7 1043149.82, 742997.91 1043150.57, 742998.32 1043153.19, 742998.29 1043153.83, 742998.57 1043153.9, 742998.96 1043155.78, 743001.27 1043159.1, 743004.11 1043162.36, 743006.91 1043165.07, 743015.58 1043173.62, 743016.87 1043174.93, 743020.59 1043178.62, 743024.1 1043173.36, 743026.43 1043174.3, 743028.47 1043175.52, 743028.78 1043174.94, 743028.5 1043174.89, 743030.39 1043169.38, 743031.81 1043164.65, 743027 1043164.01, 743026.75 1043156.65, 743026.98 1043152.52, 743027.68 1043147.76, 743027.84 1043139.8, 743024.69 1043139.62, 743024.63 1043139.39, 743022.42 1043139.45, 743020.17 1043139.53)))
MultiPolygon (((743020.59 1043178.62, 743029.39 1043185.1, 743033.46 1043177.58, 743033.6 1043177.13, 743028.47 1043175.52, 743026.43 1043174.3, 743024.1 1043173.36, 743020.59 1043178.62)))
MultiPolygon (((743030.39 1043169.38, 743028.5 1043174.89, 743028.78 1043174.94, 743028.47 1043175.52, 743033.6 1043177.13, 743033.46 1043177.58, 743048.49 1043184.04, 743050.64 1043173.57, 743040.17 1043171.53, 743035.9 1043170.62, 743035.23 1043173.69, 743031.72 1043172.6, 743032.33 1043169.76, 743030.39 1043169.38)))
MultiPolygon (((743029.39 1043185.1, 743045.8 1043193.16, 743048.49 1043184.04, 743033.46 1043177.58, 743029.39 1043185.1)))
MultiPolygon (((742993.3 1043174.25, 742992.24 1043186.95, 742992.43 1043193.18, 742993.88 1043202.2, 743001.32 1043200.09, 742999.68 1043187.54, 743001.22 1043187.6, 743004.34 1043186.5, 743004.5 1043186.89, 743009.68 1043184.35, 743012.24 1043187.6, 743013.1 1043188.41, 743015.45 1043190.67, 743019.74 1043194.84, 743029.66 1043191.99, 743017.48 1043180.49, 743008.39 1043171.27, 743004.58 1043166.7, 742993.3 1043174.25)))
MultiPolygon (((742993.94 1043202.6, 742996.28 1043213, 743008.96 1043251.78, 743010.25 1043251.33, 743009.77 1043249.41, 743011.38 1043248.94, 743011.9 1043250.85, 743017.72 1043249.16, 743017.28 1043247.43, 743019.16 1043246.88, 743019.7 1043248.55, 743025.6 1043246.86, 743025.07 1043245.07, 743026.88 1043244.6, 743027.47 1043246.27, 743033.21 1043244.64, 743032.69 1043242.85, 743034.45 1043242.31, 743034.97 1043244.02, 743040.65 1043242.32, 743040.19 1043240.61, 743041.58 1043240.22, 743042.14 1043241.88, 743047.48 1043240.34, 743046.99 1043238.79, 743048.82 1043238.24, 743049.25 1043239.76, 743050.88 1043239.35, 743051.38 1043241.11, 743049.33 1043241.74, 743050.84 1043246.96, 743053.29 1043246.16, 743053.94 1043246.03, 743052.56 1043237.22, 743042.41 1043204.03, 743029.66 1043191.99, 743019.74 1043194.84, 743012.37 1043196.96, 743001.32 1043200.09, 742993.88 1043202.2, 742993.94 1043202.6),(743038.9 1043230.64, 743016.72 1043237.14, 743009.74 1043215.23, 743031.7 1043208.53, 743038.9 1043230.64)))
MultiPolygon (((743046.99 1043238.79, 743047.48 1043240.34, 743042.14 1043241.88, 743041.58 1043240.22, 743040.19 1043240.61, 743040.65 1043242.32, 743034.97 1043244.02, 743034.45 1043242.31, 743032.69 1043242.85, 743033.21 1043244.64, 743027.47 1043246.27, 743026.88 1043244.6, 743025.07 1043245.07, 743025.6 1043246.86, 743019.7 1043248.55, 743019.16 1043246.88, 743017.28 1043247.43, 743017.72 1043249.16, 743011.9 1043250.85, 743011.38 1043248.94, 743009.77 1043249.41, 743010.25 1043251.33, 743008.96 1043251.78, 743011.21 1043258.46, 743011.09 1043262.92, 743012.09 1043265.88, 743012.99 1043267.02, 743013.77 1043267.49, 743014.39 1043269.75, 743016.11 1043269.38, 743017.59 1043274.55, 743015.86 1043274.96, 743016.37 1043276.58, 743018.04 1043276.21, 743018.68 1043277.89, 743020.14 1043277.42, 743019.68 1043275.86, 743026.09 1043273.89, 743026.62 1043275.58, 743028.21 1043275.14, 743027.73 1043273.5, 743033.07 1043271.85, 743033.6 1043273.45, 743042.39 1043270.72, 743041.95 1043269.16, 743047.63 1043267.55, 743048.15 1043269.14, 743049.82 1043268.6, 743049.16 1043266.99, 743053.89 1043265.61, 743054.45 1043267.16, 743056.06 1043266.76, 743057.17 1043264.84, 743056.29 1043261.89, 743056.62 1043257.45, 743053.29 1043246.16, 743050.84 1043246.96, 743049.33 1043241.74, 743051.38 1043241.11, 743050.88 1043239.35, 743049.25 1043239.76, 743048.82 1043238.24, 743046.99 1043238.79)))
MultiPolygon (((743032.89 1043284.08, 743038 1043300.26, 743039.99 1043307.15, 743040.95 1043307.21, 743046.66 1043305.77, 743046.89 1043305.71, 743052.45 1043304.78, 743064.01 1043302.88, 743063.38 1043297.78, 743060.41 1043298.13, 743057.63 1043284.31, 743061.55 1043283.25, 743058.49 1043271.7, 743056.74 1043270.82, 743053.3 1043272.24, 743034.87 1043279.82, 743032.89 1043284.08),(743052.72 1043285.94, 743055.17 1043298.56, 743048.51 1043299.21, 743048.98 1043287.45, 743052.72 1043285.94)))
MultiPolygon (((743051.01 1043358.71, 743059.77 1043362.86, 743060.63 1043362.18, 743061.86 1043360.97, 743062.09 1043361.12, 743062.62 1043360.71, 743062.48 1043360.55, 743064.16 1043359.05, 743064.36 1043359.19, 743065.06 1043358.66, 743064.79 1043358.49, 743069.01 1043354.99, 743066.71 1043344.61, 743065.98 1043342.18, 743064.01 1043302.88, 743052.45 1043304.78, 743053.3 1043314.54, 743056.88 1043343.37, 743052.09 1043344.93, 743049.93 1043345.8, 743043.11 1043349.32, 743047.06 1043355.74, 743051.01 1043358.71)))
MultiPolygon (((743036.16 1043335.5, 743043.11 1043349.32, 743049.93 1043345.8, 743047.83 1043341.55, 743046.29 1043338.43, 743043.13 1043331.81, 743040.77 1043321.77, 743044.1 1043320.87, 743039.99 1043307.15, 743038 1043300.26, 743025.1 1043305, 743029.64 1043322.59, 743032.12 1043328.73, 743036.16 1043335.5)))
MultiPolygon (((743191.42 1043334.08, 743187.41 1043354.66, 743198.75 1043357.14, 743221.78 1043360.42, 743230.46 1043360.82, 743243.2 1043362.21, 743243.2 1043361.76, 743243.07 1043360.96, 743243.18 1043349.3, 743252.2 1043349.36, 743251.74 1043348.03, 743256.04 1043347.7, 743256.73 1043347.58, 743258.14 1043347.54, 743254.84 1043337.28, 743254.1 1043337.35, 743254.19 1043337.75, 743239.02 1043339.73, 743239.68 1043343.09, 743238.7 1043343.28, 743239.11 1043348.91, 743234.58 1043349.12, 743234.77 1043351.58, 743229.03 1043350.73, 743217.3 1043350.4, 743205.73 1043348.78, 743206.45 1043345.73, 743211.45 1043345.81, 743211.37 1043334.25, 743210.23 1043334.19, 743210.23 1043334.62, 743208.2 1043334.17, 743206.62 1043330.66, 743204.19 1043323.89, 743200.62 1043325.31, 743199.71 1043325.87, 743191.42 1043334.08)))
MultiPolygon (((743075.59 1043364.5, 743073.42 1043371.61, 743072.43 1043371.27, 743072.2 1043372.07, 743076.79 1043373.75, 743077.3 1043373.45, 743092.62 1043379.23, 743094.43 1043375.64, 743094.08 1043375.57, 743094.96 1043373.57, 743095.54 1043373.78, 743098.32 1043367.73, 743098.9 1043366.43, 743100.16 1043362.99, 743101.09 1043360.86, 743100.32 1043360.39, 743103.84 1043355.6, 743099.01 1043352.37, 743101.74 1043346.94, 743101 1043346.54, 743101.59 1043345.81, 743077.82 1043351.77, 743077.22 1043352.39, 743076.49 1043359.63, 743075.59 1043364.5)))
MultiPolygon (((743108.19 1043369.32, 743112.3 1043372.02, 743109.99 1043376.02, 743106.47 1043374.28, 743105.06 1043377.14, 743103.79 1043376.5, 743103.41 1043377.33, 743102.26 1043376.8, 743105.06 1043370.67, 743098.32 1043367.73, 743095.54 1043373.78, 743094.96 1043373.57, 743094.08 1043375.57, 743094.43 1043375.64, 743092.62 1043379.23, 743094.75 1043380.13, 743096.04 1043380.55, 743095.88 1043381.21, 743100.44 1043383.01, 743103.73 1043384.34, 743109.12 1043386.42, 743113.62 1043377.88, 743113.43 1043377.69, 743117.1 1043371.72, 743122.73 1043375.66, 743129.74 1043364.12, 743101.59 1043345.81, 743101 1043346.54, 743101.74 1043346.94, 743099.01 1043352.37, 743103.84 1043355.6, 743100.32 1043360.39, 743101.09 1043360.86, 743109.67 1043366.82, 743108.19 1043369.32)))


