MultiPolygon (((744339.66 1051550.48, 744341.28 1051556.27, 744343.09 1051562.74, 744367.14 1051556.01, 744366.34 1051552.8, 744369.35 1051552.2, 744370.97 1051551.88, 744371.78 1051554.56, 744372.5 1051556.95, 744374.05 1051562.05, 744374.9 1051566.18, 744381.7 1051564.3, 744399.38 1051559.4, 744389.56 1051523.87, 744365.09 1051530.48, 744365.34 1051531.39, 744364.18 1051531.71, 744365.09 1051534.99, 744338.27 1051542.37, 744338.75 1051543.75, 744337.86 1051544.06, 744339.66 1051550.48))),,,,,,,,,,,,,,,,,,,,,,,,,,,,,,,,,,,,,,,,,
MultiPolygon (((744310.9 1051397.07, 744328.65 1051423.25, 744338.4 1051437.64, 744338.79 1051437.35, 744355.76 1051462.27, 744362 1051458.01, 744365.75 1051455.44, 744370.99 1051451.87, 744353.97 1051426.89, 744343.74 1051411.86, 744342.81 1051412.51, 744325.56 1051387.01, 744321.26 1051389.96, 744310.9 1051397.07))),,,,,,,,,,,,,,,,,,,,,,,,,,,,,,,,,,,,,,,,,,,,,,,,,
MultiPolygon (((744316.05 1051450.93, 744326.6 1051466.69, 744338.46 1051458.83, 744334.87 1051453.47, 744331.72 1051448.77, 744335.65 1051446.14, 744341.25 1051442.39, 744338.17 1051437.8, 744337.4 1051436.64, 744331.98 1051440.27, 744316.05 1051450.93))),,,,,,,,,,,,,,,,,,,,,,,,,,,,,,,,,,,,,,,,,,,,,,,,,,,,
MultiPolygon (((744290.04 1051411.85, 744307.18 1051437.6, 744318.98 1051429.91, 744302.19 1051404.17, 744290.04 1051411.85))),,,,,,,,,,,,,,,,,,,,,,,,,,,,,,,,,,,,,,,,,,,,,,,,,,,,,,,,,,
MultiPolygon (((744294.09 1051380.89, 744301.03 1051391.25, 744313.82 1051382.71, 744305.87 1051370.82, 744299.76 1051374.9, 744293.08 1051379.38, 744294.09 1051380.89))),,,,,,,,,,,,,,,,,,,,,,,,,,,,,,,,,,,,,,,,,,,,,,,,,,,,,,,,
MultiPolygon (((744274.68 1051358.62, 744289.95 1051381.46, 744293.08 1051379.38, 744299.76 1051374.9, 744274.62 1051337.29, 744273.62 1051337.96, 744264.81 1051343.85, 744273.53 1051356.89, 744274.68 1051358.62))),,,,,,,,,,,,,,,,,,,,,,,,,,,,,,,,,,,,,,,,,,,,,,,,,,,,,,
MultiPolygon (((744253.49 1051329.08, 744263.81 1051344.51, 744264.81 1051343.85, 744273.62 1051337.96, 744253.43 1051307.77, 744252.43 1051308.44, 744243.62 1051314.33, 744252.29 1051327.3, 744253.49 1051329.08))),,,,,,,,,,,,,,,,,,,,,,,,,,,,,,,,,,,,,,,,,,,,,,,,,,,,,,
MultiPolygon (((744227.31 1051292.17, 744242.62 1051315, 744243.62 1051314.33, 744252.43 1051308.44, 744227.1 1051270.67, 744217.29 1051277.23, 744225.93 1051290.11, 744227.31 1051292.17))),,,,,,,,,,,,,,,,,,,,,,,,,,,,,,,,,,,,,,,,,,,,,,,,,,,,,,,
MultiPolygon (((744207.86 1051248.57, 744212.47 1051266.42, 744223.9 1051263.5, 744214.83 1051228.36, 744204.54 1051230.98, 744203.39 1051231.25, 744207.31 1051246.42, 744207.86 1051248.57))),,,,,,,,,,,,,,,,,,,,,,,,,,,,,,,,,,,,,,,,,,,,,,,,,,,,,,,
MultiPolygon (((744197.69 1051204.4, 744204.54 1051230.98, 744214.83 1051228.36, 744215.99 1051228.06, 744204.67 1051184.2, 744193.24 1051187.13, 744197.14 1051202.25, 744197.69 1051204.4))),,,,,,,,,,,,,,,,,,,,,,,,,,,,,,,,,,,,,,,,,,,,,,,,,,,,,,,
MultiPolygon (((744282.6 1051464.38, 744293.77 1051478.92, 744304.54 1051470.64, 744300.49 1051465.37, 744299.29 1051463.81, 744293.37 1051456.11, 744294.32 1051455.37, 744290.54 1051450.45, 744289.18 1051448.6, 744283.34 1051441.09, 744284.3 1051440.36, 744280.52 1051435.44, 744279.19 1051433.71, 744273.32 1051426.07, 744274.27 1051425.34, 744270.48 1051420.41, 744268.99 1051418.46, 744263.17 1051410.89, 744264.12 1051410.16, 744260.62 1051405.61, 744259.05 1051403.56, 744253.14 1051395.87, 744242.36 1051404.16, 744248.23 1051411.79, 744249.47 1051413.4, 744253.35 1051418.44, 744252.39 1051419.17, 744258.27 1051426.82, 744259.43 1051428.33, 744263.5 1051433.61, 744262.54 1051434.35, 744268.49 1051442.09, 744269.71 1051443.67, 744273.52 1051448.63, 744272.57 1051449.37, 744283.55 1051463.65, 744282.6 1051464.38))),,,,,,,,,,,,,,,,,,,,,,,,,,
MultiPolygon (((744214.16 1051337.62, 744203.42 1051345.91, 744209.24 1051353.46, 744207.38 1051354.89, 744208.66 1051356.55, 744210.52 1051355.11, 744214.39 1051360.12, 744213.44 1051360.85, 744219.43 1051368.61, 744220.81 1051370.39, 744224.62 1051375.33, 744235.36 1051367.04, 744231.54 1051362.09, 744232.37 1051361.45, 744230.79 1051359.4, 744229.96 1051360.04, 744224.18 1051352.56, 744225.13 1051351.83, 744221.48 1051347.12, 744222.39 1051346.42, 744220.84 1051344.4, 744219.93 1051345.1, 744214.16 1051337.62))),,,,,,,,,,,,,,,,,,,,,,,,,,,,,,,,,,,,,,,,
MultiPolygon (((744186.8 1051365.2, 744181.01 1051366.66, 744180.72 1051365.51, 744178.22 1051366.14, 744174.61 1051367.05, 744174.9 1051368.2, 744169.24 1051369.62, 744163.58 1051371.05, 744163.28 1051369.89, 744160.74 1051370.53, 744157.18 1051371.43, 744157.47 1051372.59, 744151.68 1051374.04, 744145.89 1051375.5, 744145.6 1051374.34, 744143.26 1051374.93, 744139.51 1051375.88, 744139.8 1051377.03, 744134.01 1051378.49, 744128.22 1051379.95, 744127.93 1051378.8, 744125.62 1051379.38, 744121.86 1051380.33, 744122.15 1051381.48, 744116.48 1051382.91, 744110.81 1051384.34, 744110.52 1051383.18, 744108.21 1051383.76, 744104.53 1051384.69, 744104.82 1051385.84, 744099 1051387.31, 744102.44 1051401.07, 744107.91 1051399.69, 744114.02 1051398.15, 744119.93 1051396.66, 744125.44 1051395.27, 744131.55 1051393.73, 744137.46 1051392.24, 744143.28 1051390.77, 744149.39 1051389.23, 744155.13 1051387.78, 744160.53 1051386.42, 744166.64 1051384.88, 744172.7 1051383.35, 744178.15 1051381.97, 744184.26 1051380.43, 744190.26 1051378.92, 744186.8 1051365.2))),,,,,,,,,,,,,,,
MultiPolygon (((744218.54 1051408.7, 744212.67 1051409.89, 744212.43 1051408.73, 744212.11 1051408.79, 744209.88 1051409.25, 744206.27 1051409.98, 744206.5 1051411.13, 744200.78 1051412.29, 744195.06 1051413.45, 744194.82 1051412.29, 744194.55 1051412.34, 744192.41 1051412.78, 744188.65 1051413.54, 744188.88 1051414.69, 744183.16 1051415.85, 744177.43 1051417.01, 744177.19 1051415.84, 744176.76 1051415.93, 744174.56 1051416.37, 744171.02 1051417.09, 744171.25 1051418.26, 744165.38 1051419.44, 744159.51 1051420.63, 744159.27 1051419.47, 744158.84 1051419.56, 744156.82 1051419.96, 744153.1 1051420.71, 744153.34 1051421.88, 744147.6 1051423.04, 744141.87 1051424.19, 744141.63 1051423.02, 744141.33 1051423.09, 744139.16 1051423.52, 744135.44 1051424.27, 744135.68 1051425.44, 744129.97 1051426.6, 744124.25 1051427.75, 744124.01 1051426.58, 744123.6 1051426.66, 744121.37 1051427.11, 744117.84 1051427.83, 744118.07 1051429, 744112.2 1051430.19, 744115.01 1051444.1, 744125.06 1051442.07, 744126.96 1051441.69, 744132.78 1051440.51, 744142.61 1051438.52, 744144.76 1051438.09, 744150.42 1051436.94, 744160.33 1051434.94, 744162.35 1051434.53, 744168.2 1051433.35, 744178.29 1051431.31, 744180.35 1051430.88, 744185.98 1051429.75, 744195.83 1051427.76, 744197.9 1051427.34, 744203.61 1051426.19, 744213.47 1051424.2, 744215.54 1051423.78, 744221.37 1051422.6, 744218.54 1051408.7)))
MultiPolygon (((744240.35 1051453.36, 744230.84 1051454.51, 744230.7 1051453.3, 744224.47 1051454.05, 744222.45 1051454.3, 744212.82 1051455.46, 744212.67 1051454.24, 744206.5 1051454.98, 744204.45 1051455.23, 744194.81 1051456.39, 744194.67 1051455.2, 744188.21 1051455.98, 744186.11 1051456.23, 744176.52 1051457.39, 744176.38 1051456.22, 744170.1 1051456.97, 744168.16 1051457.21, 744158.54 1051458.37, 744158.4 1051457.18, 744152.03 1051457.95, 744150.03 1051458.19, 744140.44 1051459.35, 744142.07 1051472.84, 744151.75 1051471.67, 744153.74 1051471.43, 744160.01 1051470.68, 744160.16 1051471.86, 744169.81 1051470.7, 744171.83 1051470.45, 744177.98 1051469.71, 744178.12 1051470.88, 744187.15 1051469.79, 744189.74 1051469.48, 744196.25 1051468.7, 744196.4 1051469.89, 744206.03 1051468.72, 744208.01 1051468.48, 744214.24 1051467.73, 744214.39 1051468.95, 744224.07 1051467.78, 744226.08 1051467.54, 744232.25 1051466.8, 744232.4 1051468.01, 744242.09 1051466.84, 744244.09 1051466.6, 744250.53 1051465.82, 744248.99 1051452.32, 744242.44 1051453.11, 744240.35 1051453.36))),,,,,,,,,,,,,,
MultiPolygon (((744213.09 1051507.48, 744213.94 1051521.04, 744231.89 1051519.92, 744231.96 1051521.12, 744250.21 1051519.98, 744250.29 1051521.17, 744268.24 1051520.05, 744268.31 1051521.23, 744286.59 1051520.09, 744285.71 1051506.53, 744279.82 1051506.9, 744277.27 1051507.06, 744267.44 1051507.67, 744267.36 1051506.39, 744262.05 1051506.75, 744259.52 1051506.92, 744249.43 1051507.61, 744249.35 1051506.42, 744243.55 1051506.78, 744241.13 1051506.93, 744231.11 1051507.56, 744231.03 1051506.36, 744225.41 1051506.71, 744222.73 1051506.88, 744213.09 1051507.48))),,,,,,,,,,,,,,,,,,,,,,,,,,,,,,,,,,,,,,
MultiPolygon (((744038.29 1051397.48, 744041.68 1051410.99, 744032.7 1051413.24, 744033.96 1051418.28, 744036.87 1051417.55, 744038.9 1051425.66, 744033.1 1051427.11, 744035.82 1051437.94, 744047.75 1051434.95, 744047.46 1051433.77, 744070.99 1051427.87, 744071.28 1051429.04, 744083.24 1051426.04, 744080.53 1051415.21, 744074.71 1051416.69, 744072.65 1051408.57, 744075.55 1051407.83, 744074.27 1051402.79, 744065.3 1051405.17, 744061.92 1051391.6, 744038.29 1051397.48))),,,,,,,,,,,,,,,,,,,,,,,,,,,,,,,,,,,,,,,,,,
MultiPolygon (((744185.11 1051310.7, 744185.11 1051311.75, 744179.48 1051311.75, 744179.48 1051325.94, 744197.61 1051325.94, 744197.61 1051311.75, 744191.3 1051311.75, 744191.3 1051310.64, 744185.11 1051310.7))),,,,,,,,,,,,,,,,,,,,,,,,,,,,,,,,,,,,,,,,,,,,,,,,,,,,,,
MultiPolygon (((744166.73 1051310.87, 744166.73 1051311.75, 744161.36 1051311.75, 744161.36 1051325.94, 744179.48 1051325.94, 744179.48 1051311.75, 744172.98 1051311.75, 744172.98 1051310.77, 744166.73 1051310.87))),,,,,,,,,,,,,,,,,,,,,,,,,,,,,,,,,,,,,,,,,,,,,,,,,,,,,,
MultiPolygon (((744163.84 1051257.64, 744163.86 1051258.84, 744152.23 1051258.84, 744152.23 1051257.73, 744151.94 1051257.72, 744149.7 1051257.71, 744145.85 1051257.69, 744145.86 1051258.85, 744139.85 1051258.85, 744139.86 1051273.04, 744176.13 1051273.02, 744176.12 1051258.83, 744170.04 1051258.83, 744170.02 1051257.6, 744167.69 1051257.54, 744163.84 1051257.64))),,,,,,,,,,,,,,,,,,,,,,,,,,,,,,,,,,,,,,,,,,,,,,,
MultiPolygon (((744154.44 1051202.33, 744154.44 1051203.61, 744148.53 1051203.61, 744148.52 1051217.8, 744166.66 1051217.81, 744166.67 1051203.62, 744160.19 1051203.62, 744160.19 1051202.34, 744158.19 1051202.31, 744154.44 1051202.33))),,,,,,,,,,,,,,,,,,,,,,,,,,,,,,,,,,,,,,,,,,,,,,,,,,,,,
MultiPolygon (((744136.37 1051202.36, 744136.37 1051203.6, 744130.39 1051203.6, 744130.39 1051217.75, 744148.52 1051217.8, 744148.53 1051203.61, 744142.31 1051203.61, 744142.31 1051202.37, 744140.14 1051202.31, 744136.37 1051202.36))),,,,,,,,,,,,,,,,,,,,,,,,,,,,,,,,,,,,,,,,,,,,,,,,,,,,,
MultiPolygon (((744078.15 1051103.18, 744063.6 1051111.63, 744064.56 1051113.3, 744064.58 1051162.42, 744106.28 1051162.39, 744106.29 1051164.34, 744106.33 1051171.25, 744115.27 1051171.25, 744115.64 1051171.25, 744126.08 1051171.25, 744139.42 1051171.25, 744159.15 1051171.25, 744159.2 1051163.37, 744159.21 1051162.4, 744177.56 1051162.39, 744177.57 1051146.09, 744189.96 1051146.09, 744189.95 1051136.84, 744177.49 1051136.82, 744177.46 1051112.8, 744177.46 1051107.8, 744172.45 1051107.81, 744172.44 1051112.8, 744172.44 1051113.81, 744135.79 1051113.79, 744123.7 1051113.79, 744113.6 1051113.78, 744113.6 1051108.8, 744108.05 1051108.8, 744108.05 1051109.42, 744081.8 1051109.47, 744078.15 1051103.18))),,,,,,,,,,,,,,,,,,,,,,,,,,,,,,,
MultiPolygon (((744148.77 1051082.23, 744148.79 1051097.45, 744156.15 1051097.44, 744193 1051097.39, 744193.01 1051076.83, 744148.76 1051076.88, 744148.77 1051082.23))),,,,,,,,,,,,,,,,,,,,,,,,,,,,,,,,,,,,,,,,,,,,,,,,,,,,,,,,
MultiPolygon (((744087.76 1051186.5, 744087.76 1051187.7, 744081.9 1051187.68, 744081.9 1051202.47, 744093.42 1051202.48, 744100.02 1051202.48, 744100.02 1051187.71, 744093.85 1051187.7, 744093.85 1051186.5, 744087.76 1051186.5))),,,,,,,,,,,,,,,,,,,,,,,,,,,,,,,,,,,,,,,,,,,,,,,,,,,,,
MultiPolygon (((744069.6 1051186.51, 744069.6 1051187.67, 744063.78 1051187.66, 744063.78 1051202.47, 744081.9 1051202.47, 744081.9 1051187.68, 744076.09 1051187.67, 744076.09 1051186.51, 744069.6 1051186.51))),,,,,,,,,,,,,,,,,,,,,,,,,,,,,,,,,,,,,,,,,,,,,,,,,,,,,,
MultiPolygon (((744051.59 1051186.37, 744051.6 1051187.65, 744045.65 1051187.64, 744045.65 1051202.46, 744063.78 1051202.47, 744063.78 1051187.66, 744057.4 1051187.65, 744057.4 1051184.1, 744055.22 1051184.12, 744055.11 1051186.32, 744051.59 1051186.37))),,,,,,,,,,,,,,,,,,,,,,,,,,,,,,,,,,,,,,,,,,,,,,,,,,,,
MultiPolygon (((744033.39 1051186.42, 744033.39 1051187.62, 744027.53 1051187.61, 744027.53 1051202.45, 744045.65 1051202.46, 744045.65 1051187.64, 744039.48 1051187.63, 744039.48 1051186.43, 744033.39 1051186.42))),,,,,,,,,,,,,,,,,,,,,,,,,,,,,,,,,,,,,,,,,,,,,,,,,,,,,,
MultiPolygon (((744087.41 1051226.84, 744087.42 1051232.84, 744086.22 1051232.84, 744086.23 1051239.17, 744087.43 1051239.16, 744087.44 1051244.99, 744101.63 1051244.98, 744101.62 1051239.14, 744101.62 1051232.82, 744101.61 1051226.82, 744087.41 1051226.84))),,,,,,,,,,,,,,,,,,,,,,,,,,,,,,,,,,,,,,,,,,,,,,,,,,,,
MultiPolygon (((744087.44 1051244.99, 744087.45 1051250.84, 744086.25 1051250.84, 744086.26 1051257.14, 744087.46 1051257.14, 744087.47 1051263.15, 744101.65 1051263.11, 744101.64 1051257.1, 744101.64 1051250.81, 744101.63 1051244.98, 744087.44 1051244.99))),,,,,,,,,,,,,,,,,,,,,,,,,,,,,,,,,,,,,,,,,,,,,,,,,,,,
MultiPolygon (((744087.47 1051263.15, 744087.48 1051269.16, 744086.28 1051269.16, 744086.29 1051275.45, 744087.49 1051275.45, 744087.5 1051281.32, 744101.67 1051281.27, 744101.66 1051275.41, 744102.86 1051275.41, 744102.86 1051269.12, 744101.66 1051269.12, 744101.65 1051263.11, 744087.47 1051263.15))),,,,,,,,,,,,,,,,,,,,,,,,,,,,,,,,,,,,,,,,,,,,,,,,,,
MultiPolygon (((744087.5 1051281.32, 744087.51 1051287.19, 744086.21 1051287.19, 744086.32 1051293.49, 744087.52 1051293.49, 744087.53 1051299.52, 744100.49 1051299.47, 744101.69 1051299.47, 744101.68 1051293.44, 744102.88 1051293.44, 744102.88 1051287.14, 744101.68 1051287.14, 744101.67 1051281.27, 744087.5 1051281.32))),,,,,,,,,,,,,,,,,,,,,,,,,,,,,,,,,,,,,,,,,,,,,,,,,
MultiPolygon (((744100.49 1051299.47, 744087.53 1051299.52, 744086.33 1051299.52, 744086.34 1051305.42, 744085.14 1051305.42, 744085.15 1051311.77, 744086.35 1051311.76, 744086.36 1051317.61, 744100.51 1051317.54, 744100.5 1051311.7, 744101.7 1051311.7, 744101.7 1051305.36, 744100.5 1051305.37, 744100.49 1051299.47))),,,,,,,,,,,,,,,,,,,,,,,,,,,,,,,,,,,,,,,,,,,,,,,,,
MultiPolygon (((744086.36 1051317.61, 744086.37 1051323.45, 744085.17 1051323.45, 744085.18 1051329.72, 744086.38 1051329.72, 744086.39 1051335.72, 744100.53 1051335.65, 744100.52 1051329.65, 744101.72 1051329.65, 744101.72 1051323.38, 744100.52 1051323.38, 744100.51 1051317.54, 744086.36 1051317.61))),,,,,,,,,,,,,,,,,,,,,,,,,,,,,,,,,,,,,,,,,,,,,,,,,,
MultiPolygon (((744027.38 1051226.71, 744027.37 1051233.32, 744026.1 1051233.32, 744026.1 1051239.11, 744027.37 1051239.12, 744027.36 1051244.82, 744041.56 1051244.83, 744041.58 1051226.72, 744027.38 1051226.71))),,,,,,,,,,,,,,,,,,,,,,,,,,,,,,,,,,,,,,,,,,,,,,,,,,,,,,
MultiPolygon (((744027.36 1051244.82, 744027.35 1051251.31, 744025.99 1051251.31, 744025.99 1051257.34, 744027.35 1051257.35, 744027.34 1051262.93, 744041.54 1051262.94, 744041.56 1051244.83, 744027.36 1051244.82))),,,,,,,,,,,,,,,,,,,,,,,,,,,,,,,,,,,,,,,,,,,,,,,,,,,,,,
MultiPolygon (((744027.33 1051281.04, 744027.32 1051287.78, 744026.01 1051287.78, 744026.01 1051293.77, 744027.32 1051293.77, 744027.31 1051299.15, 744041.51 1051299.16, 744041.53 1051281.05, 744027.33 1051281.04))),,,,,,,,,,,,,,,,,,,,,,,,,,,,,,,,,,,,,,,,,,,,,,,,,,,,,,
MultiPolygon (((744027.34 1051262.93, 744027.34 1051269.67, 744026.04 1051269.67, 744026.04 1051275.41, 744027.33 1051275.41, 744027.33 1051281.04, 744041.53 1051281.05, 744041.54 1051262.94, 744027.34 1051262.93))),,,,,,,,,,,,,,,,,,,,,,,,,,,,,,,,,,,,,,,,,,,,,,,,,,,,,,
MultiPolygon (((744027.31 1051299.15, 744027.3 1051305.66, 744025.93 1051305.66, 744025.93 1051311.21, 744027.3 1051311.21, 744027.29 1051317.26, 744041.49 1051317.27, 744041.51 1051299.16, 744027.31 1051299.15))),,,,,,,,,,,,,,,,,,,,,,,,,,,,,,,,,,,,,,,,,,,,,,,,,,,,,,
MultiPolygon (((743965.69 1051264.97, 743965.69 1051277.31, 743964.26 1051277.29, 743964.26 1051279.27, 743942.8 1051279.29, 743942.8 1051280.1, 743941.43 1051280.1, 743941.43 1051298.98, 743941 1051298.98, 743941 1051302.48, 743941.46 1051302.48, 743941.39 1051316.42, 743942.82 1051316.42, 743942.82 1051316.54, 743956.18 1051316.57, 743956.18 1051316.11, 743980.53 1051316.1, 743980.82 1051319.03, 743988.21 1051319.03, 743988.21 1051317.5, 743994.65 1051317.49, 743994.65 1051289.88, 743991.52 1051289.88, 743985.42 1051289.81, 743984.99 1051289.88, 743985.02 1051292.38, 743982.38 1051292.37, 743982.38 1051289.4, 743982.36 1051280.35, 743983.56 1051280.34, 743983.58 1051268, 743978.2 1051268, 743978.18 1051264.99, 743965.69 1051264.97))),,,,,,,,,,,,,,,,,,,,,,,,,,,,,
MultiPolygon (((743939.28 1051180.62, 743939.28 1051181.23, 743937.48 1051181.23, 743937.49 1051183.04, 743939.29 1051183.04, 743939.32 1051200.18, 743936.92 1051200.19, 743936.93 1051204.15, 743939.33 1051204.14, 743939.36 1051217.72, 743945.62 1051217.71, 743992.18 1051217.64, 743994.46 1051217.64, 743994.46 1051216.2, 743994.38 1051181.61, 743994.38 1051180.54, 743939.28 1051180.62))),,,,,,,,,,,,,,,,,,,,,,,,,,,,,,,,,,,,,,,,,,,,,,
MultiPolygon (((743894.32 1051180.58, 743894.35 1051186.6, 743858.38 1051186.41, 743858.36 1051211.79, 743913.7 1051211.75, 743913.59 1051180.75, 743894.32 1051180.58))),,,,,,,,,,,,,,,,,,,,,,,,,,,,,,,,,,,,,,,,,,,,,,,,,,,,,,,,
MultiPolygon (((743901.99 1051225.77, 743901.98 1051239.07, 743914.54 1051239.06, 743926.06 1051239.06, 743926.06 1051238.74, 743926.06 1051235.85, 743926.06 1051225.86, 743901.99 1051225.77))),,,,,,,,,,,,,,,,,,,,,,,,,,,,,,,,,,,,,,,,,,,,,,,,,,,,,,,
MultiPolygon (((743883.62 1051239.07, 743901.98 1051239.07, 743901.99 1051225.77, 743877.24 1051225.78, 743877.24 1051239.07, 743883.62 1051239.07))),,,,,,,,,,,,,,,,,,,,,,,,,,,,,,,,,,,,,,,,,,,,,,,,,,,,,,,,,
MultiPolygon (((743858.4 1051225.78, 743858.4 1051239.08, 743877.24 1051239.07, 743877.24 1051225.78, 743858.4 1051225.78))),,,,,,,,,,,,,,,,,,,,,,,,,,,,,,,,,,,,,,,,,,,,,,,,,,,,,,,,,,
MultiPolygon (((743868.51 1051318.34, 743868.52 1051320.96, 743892.73 1051320.93, 743892.73 1051318.31, 743892.74 1051304.34, 743868.48 1051304.3, 743868.51 1051318.34))),,,,,,,,,,,,,,,,,,,,,,,,,,,,,,,,,,,,,,,,,,,,,,,,,,,,,,,,
MultiPolygon (((743892.73 1051320.93, 743868.52 1051320.96, 743868.51 1051318.34, 743865.22 1051318.35, 743862.54 1051318.35, 743859.2 1051318.36, 743856.27 1051318.37, 743856.2 1051333.1, 743856.15 1051344.26, 743868.5 1051344.26, 743868.5 1051343.06, 743877.39 1051343.05, 743877.39 1051344.26, 743883.8 1051344.25, 743883.8 1051343.03, 743892.76 1051343.02, 743892.76 1051344.22, 743905.08 1051344.25, 743905.08 1051333.1, 743905.05 1051318.32, 743902.07 1051318.32, 743898.76 1051318.32, 743896.04 1051318.31, 743892.73 1051318.31, 743892.73 1051320.93))),,,,,,,,,,,,,,,,,,,,,,,,,,,,,,,,,,,,,,
MultiPolygon (((743817.53 1051197.96, 743814.2 1051198.61, 743814.43 1051199.79, 743808.68 1051200.92, 743802.92 1051202.07, 743802.69 1051200.89, 743802.27 1051200.98, 743799.87 1051201.46, 743796.53 1051202.12, 743796.77 1051203.3, 743791.02 1051204.45, 743785.27 1051205.6, 743785.04 1051204.42, 743784.65 1051204.5, 743782.24 1051204.98, 743778.88 1051205.66, 743779.11 1051206.83, 743773.24 1051208.01, 743776.34 1051222.53, 743785.66 1051220.66, 743787.91 1051220.21, 743794.12 1051218.97, 743803.44 1051217.11, 743805.69 1051216.66, 743811.78 1051215.44, 743821.13 1051213.55, 743823.38 1051213.09, 743829.38 1051211.88, 743826.46 1051197.42, 743820.55 1051198.58, 743820.32 1051197.41, 743819.93 1051197.48, 743817.53 1051197.96))),,,,,,,,,,,,,,,,,,,,,,,,,,,,,,
MultiPolygon (((743764.3 1051208.57, 743760.97 1051209.23, 743761.21 1051210.42, 743755.43 1051211.57, 743749.67 1051212.72, 743749.43 1051211.55, 743749.02 1051211.63, 743746.85 1051212.06, 743743.29 1051212.78, 743743.52 1051213.95, 743737.79 1051215.1, 743732.07 1051216.24, 743731.83 1051215.07, 743731.44 1051215.15, 743729.29 1051215.58, 743725.67 1051216.3, 743725.91 1051217.47, 743720.06 1051218.64, 743723.16 1051233.16, 743732.48 1051231.3, 743734.74 1051230.85, 743740.89 1051229.62, 743750 1051227.8, 743752.25 1051227.35, 743758.53 1051226.09, 743767.85 1051224.23, 743770.1 1051223.78, 743776.34 1051222.53, 743773.24 1051208.01, 743767.35 1051209.19, 743767.11 1051208.01, 743766.71 1051208.09, 743764.3 1051208.57))),,,,,,,,,,,,,,,,,,,,,,,,,,,,,,
MultiPolygon (((743707.74 1051219.79, 743707.99 1051221.06, 743702.26 1051222.21, 743705.36 1051236.72, 743714.49 1051234.89, 743716.74 1051234.44, 743723.16 1051233.16, 743720.06 1051218.64, 743714.2 1051219.81, 743713.95 1051218.54, 743713.53 1051218.63, 743711.12 1051219.11, 743707.74 1051219.79))),,,,,,,,,,,,,,,,,,,,,,,,,,,,,,,,,,,,,,,,,,,,,,,,,,
MultiPolygon (((743801.43 1051277.26, 743765.19 1051284.5, 743765.15 1051284.3, 743764.95 1051284.34, 743765.92 1051289.29, 743767.63 1051297.54, 743767.83 1051297.5, 743767.79 1051297.31, 743773.48 1051296.2, 743776.74 1051312.88, 743771.02 1051314, 743770.98 1051313.8, 743770.78 1051313.84, 743772.47 1051322.2, 743773.43 1051327.09, 743773.63 1051327.05, 743773.59 1051326.85, 743809.94 1051319.74, 743809.9 1051319.55, 743809.7 1051319.59, 743801.27 1051277.5, 743801.47 1051277.46, 743801.43 1051277.26),(743800.19 1051308.09, 743789.44 1051310.24, 743786.11 1051293.57, 743796.87 1051291.42, 743800.19 1051308.09))),,,,,,,,,,,,,,,,,,,,,,,,,,,,,,,,,,,
MultiPolygon (((743801.43 1051277.26, 743765.19 1051284.5, 743765.15 1051284.3, 743764.95 1051284.34, 743765.92 1051289.29, 743767.63 1051297.54, 743767.83 1051297.5, 743767.79 1051297.31, 743773.48 1051296.2, 743776.74 1051312.88, 743771.02 1051314, 743770.98 1051313.8, 743770.78 1051313.84, 743772.47 1051322.2, 743773.43 1051327.09, 743773.63 1051327.05, 743773.59 1051326.85, 743809.94 1051319.74, 743809.9 1051319.55, 743809.7 1051319.59, 743801.27 1051277.5, 743801.47 1051277.46, 743801.43 1051277.26),(743800.19 1051308.09, 743789.44 1051310.24, 743786.11 1051293.57, 743796.87 1051291.42, 743800.19 1051308.09))),,,,,,,,,,,,,,,,,,,,,,,,,,,,,,,,,,,
MultiPolygon (((743734.31 1051290.62, 743685.44 1051300.38, 743685.4 1051300.18, 743685.2 1051300.22, 743687.78 1051313.34, 743687.98 1051313.3, 743687.94 1051313.11, 743694.22 1051311.87, 743697.49 1051328.55, 743691.23 1051329.78, 743691.2 1051329.58, 743691 1051329.62, 743693.59 1051342.77, 743693.79 1051342.73, 743693.75 1051342.53, 743707.46 1051339.81, 743742.6 1051332.84, 743742.64 1051333.04, 743742.84 1051333, 743741.9 1051328.25, 743740.26 1051319.83, 743740.06 1051319.87, 743740.1 1051320.06, 743734.36 1051321.19, 743731.08 1051304.43, 743736.82 1051303.31, 743736.87 1051303.6, 743737.07 1051303.56, 743735.41 1051295.1, 743734.47 1051290.38, 743734.27 1051290.42, 743734.31 1051290.62),(743718.23 1051307.07, 743721.56 1051323.74, 743709.79 1051326.09, 743706.45 1051309.43, 743718.23 1051307.07))),,,,,,,,,,,,,,,,,,,,,,,,,,
MultiPolygon (((743770.62 1051314.07, 743740.49 1051319.98, 743740.45 1051319.79, 743740.26 1051319.83, 743741.9 1051328.25, 743742.1 1051328.21, 743742.06 1051328.02, 743750.94 1051326.27, 743754.24 1051343.01, 743745.4 1051344.76, 743745.36 1051344.56, 743745.17 1051344.6, 743746.83 1051353.03, 743747.03 1051352.99, 743746.99 1051352.79, 743777.07 1051346.72, 743777.11 1051346.91, 743777.31 1051346.87, 743775.48 1051338.62, 743775.29 1051338.66, 743775.33 1051338.85, 743763.87 1051341.04, 743760.7 1051324.45, 743772.23 1051322.03, 743772.27 1051322.24, 743772.47 1051322.2, 743770.78 1051313.84, 743770.59 1051313.88, 743770.62 1051314.07))),,,,,,,,,,,,,,,,,,,,,,,,,,,,,,,,,,
MultiPolygon (((743805.94 1051332.65, 743775.72 1051338.78, 743775.68 1051338.58, 743775.48 1051338.62, 743777.31 1051346.87, 743777.51 1051346.83, 743777.47 1051346.64, 743786.12 1051344.89, 743789.4 1051361.49, 743780.86 1051363.38, 743780.82 1051363.19, 743780.63 1051363.23, 743782.28 1051371.57, 743782.48 1051371.53, 743782.44 1051371.34, 743812.43 1051365.38, 743812.46 1051365.58, 743812.66 1051365.54, 743811.01 1051357.13, 743810.81 1051357.17, 743810.85 1051357.37, 743799.23 1051359.45, 743796.03 1051343.14, 743807.52 1051340.68, 743807.55 1051340.87, 743807.75 1051340.84, 743806.1 1051332.42, 743805.9 1051332.46, 743805.94 1051332.65))),,,,,,,,,,,,,,,,,,,,,,,,,,,,,,,,,,
MultiPolygon (((743592.53 1051230.37, 743592.77 1051231.55, 743590.54 1051232, 743590.31 1051230.82, 743584.59 1051231.98, 743584.83 1051233.15, 743582.66 1051233.63, 743579.96 1051234.14, 743579.72 1051232.96, 743574.01 1051234.12, 743574.24 1051235.29, 743572.02 1051235.74, 743571.78 1051234.57, 743566.07 1051235.72, 743566.3 1051236.9, 743563.98 1051237.4, 743561.27 1051237.91, 743561.03 1051236.74, 743555.31 1051237.89, 743555.55 1051239.07, 743553.33 1051239.52, 743553.09 1051238.34, 743547.37 1051239.5, 743547.61 1051240.67, 743545.31 1051241.18, 743542.74 1051241.66, 743542.5 1051240.48, 743536.79 1051241.64, 743537.03 1051242.81, 743534.8 1051243.26, 743534.56 1051242.08, 743528.85 1051243.24, 743529.09 1051244.42, 743526.44 1051244.95, 743529.27 1051258.96, 743534.55 1051257.85, 743537.01 1051257.45, 743547.94 1051255.18, 743553.2 1051254.15, 743555.55 1051253.68, 743566.61 1051251.41, 743571.8 1051250.45, 743574.23 1051249.97, 743585.29 1051247.64, 743590.3 1051246.75, 743592.75 1051246.17, 743603.96 1051243.87, 743601.13 1051229.86, 743598.48 1051230.39, 743598.25 1051229.22, 743592.53 1051230.37))),,,,,,,,,,,,
MultiPolygon (((743667.43 1051261.53, 743667.61 1051262.72, 743661.9 1051263.87, 743662.13 1051265.05, 743659.77 1051265.52, 743662.77 1051279.52, 743667.26 1051278.61, 743670.05 1051278.05, 743681.25 1051275.78, 743678.44 1051261.78, 743675.8 1051262.31, 743675.56 1051261.13, 743669.85 1051262.27, 743669.62 1051261.1, 743667.43 1051261.53))),,,,,,,,,,,,,,,,,,,,,,,,,,,,,,,,,,,,,,,,,,,,,,,,
MultiPolygon (((743648.9 1051265.25, 743649.14 1051266.43, 743643.44 1051267.58, 743643.67 1051268.75, 743641.09 1051269.27, 743644.09 1051283.27, 743649.01 1051282.28, 743651.51 1051281.78, 743662.77 1051279.52, 743659.77 1051265.52, 743657.33 1051266.01, 743657.09 1051264.83, 743651.34 1051265.99, 743651.1 1051264.81, 743648.9 1051265.25))),,,,,,,,,,,,,,,,,,,,,,,,,,,,,,,,,,,,,,,,,,,,,,,,
MultiPolygon (((743630.17 1051269, 743630.39 1051270.19, 743624.68 1051271.33, 743624.91 1051272.51, 743622.41 1051273.01, 743625.41 1051287.02, 743630.05 1051286.09, 743632.78 1051285.54, 743644.09 1051283.27, 743641.09 1051269.27, 743638.57 1051269.77, 743638.33 1051268.6, 743632.62 1051269.74, 743632.36 1051268.56, 743630.17 1051269))),,,,,,,,,,,,,,,,,,,,,,,,,,,,,,,,,,,,,,,,,,,,,,,,
MultiPolygon (((743611.61 1051272.74, 743611.79 1051273.93, 743606.08 1051275.08, 743606.31 1051276.26, 743603.72 1051276.78, 743606.54 1051290.76, 743611.61 1051289.76, 743614.38 1051289.21, 743625.41 1051287.02, 743622.41 1051273.01, 743619.97 1051273.5, 743619.73 1051272.33, 743614.02 1051273.48, 743613.79 1051272.3, 743611.61 1051272.74))),,,,,,,,,,,,,,,,,,,,,,,,,,,,,,,,,,,,,,,,,,,,,,,,
